city,display_name,oblast,preferred_source_type,preferred_source_name,known_coverage_start,coverage_start_candidate,candidate_requires_external_validation,notes,preferred_event_count,preferred_first_event_utc,preferred_first_event_local_date,preferred_last_event_utc,preferred_max_inter_event_gap_days,raion_name,raion_event_count,raion_first_event_utc,raion_first_event_local_date,hromada_name,hromada_event_count,hromada_first_event_utc,hromada_first_event_local_date,oblast_event_count,oblast_first_event_utc,comparison_start_utc,preferred_alert_hours_since_comparison_start,oblast_alert_hours_since_comparison_start,overlap_hours,preferred_only_hours,oblast_only_hours,preferred_events_without_oblast_overlap,oblast_events_without_preferred_overlap
kyiv,Київ,,exact_city,місто Київ,,,False,Exact city series is maintained from Kyiv municipal open data in update_data.py.,,,,,,,,,,,,,,,,,,,,,,,
vinnytsia,Вінниця,Вінницька область,raion_proxy,Вінницький район,,2022-06-09,True,,300,2022-06-09T10:17:58+00:00,2022-06-09,2026-09-05T11:52:19+00:00,1168.43,Вінницький район,300,2022-06-09T10:17:58+00:00,2022-06-09,м. Вінниця та Вінницька територіальна громада,0,,,1482,2022-03-15T16:10:34+00:00,2022-06-09T10:17:58+00:00,357.597,1807.689,0.345,357.252,1807.344,299,1294
lutsk,Луцьк,Волинська область,raion_proxy,Луцький район,,2025-11-06,True,,119,2025-11-06T14:41:51+00:00,2025-11-06,2026-09-05T12:41:26+00:00,21.87,Луцький район,119,2025-11-06T14:41:51+00:00,2025-11-06,м. Луцьк та Луцька територіальна громада,0,,,800,2022-03-15T16:19:13+00:00,2025-11-06T14:41:51+00:00,108.127,0.0,0.0,108.127,0.0,119,0
dnipro,Дніпро,Дніпропетровська область,raion_proxy,Дніпровський район,,2025-05-02,True,,1826,2025-05-01T21:54:37+00:00,2025-05-02,2026-09-07T04:26:59+00:00,8.02,Дніпровський район,1826,2025-05-01T21:54:37+00:00,2025-05-02,м. Дніпро та Дніпровська територіальна громада,5,2022-03-16T11:37:15+00:00,2022-03-16,5565,2022-03-15T19:23:40+00:00,2025-05-01T21:54:37+00:00,2250.105,342.916,68.172,2181.932,274.743,1795,349
donetsk,Донецьк,Донецька область,oblast,Донецька область,,2022-03-22,True,National raion-level rollout did not apply to Donetsk oblast; oblast is the default fallback.,6877,2022-03-22T13:19:54+00:00,2022-03-22,2025-11-04T06:14:19+00:00,4.56,Донецький район,793,2022-03-18T14:13:55+00:00,2022-03-18,м. Донецьк та Донецька територіальна громада,0,,,6877,2022-03-22T13:19:54+00:00,2022-03-22T13:19:54+00:00,12302.466,12302.466,12302.466,0.0,0.0,0,0
zhytomyr,Житомир,Житомирська область,raion_proxy,Житомирський район,,2022-03-15,True,,384,2022-03-15T18:41:43+00:00,2022-03-15,2026-09-05T12:15:15+00:00,1040.58,Житомирський район,384,2022-03-15T18:41:43+00:00,2022-03-15,м. Житомир та Житомирська територіальна громада,1,2022-03-28T09:02:26+00:00,2022-03-28,1466,2022-03-15T16:11:25+00:00,2022-03-15T18:41:43+00:00,505.674,2289.363,5.371,500.303,2283.992,381,1461
uzhhorod,Ужгород,Закарпатська область,raion_proxy,Ужгородський район,,2025-11-06,True,,89,2025-11-06T14:44:00+00:00,2025-11-06,2026-08-07T14:46:02+00:00,33.39,Ужгородський район,89,2025-11-06T14:44:00+00:00,2025-11-06,м. Ужгород та Ужгородська територіальна громада,0,,,664,2022-03-17T02:21:31+00:00,2025-11-06T14:44:00+00:00,69.251,0.0,0.0,69.251,0.0,89,0
zaporizhzhia,Запоріжжя,Запорізька область,exact_city,м. Запоріжжя та Запорізька територіальна громада,2025-03-19,2025-03-19,False,Validated exact-city stream already used by the dashboard.,2317,2022-03-16T11:40:24+00:00,2022-03-16,2026-09-06T23:44:35+00:00,890.47,Запорізький район,1507,2022-03-17T18:13:04+00:00,2022-03-17,м. Запоріжжя та Запорізька територіальна громада,2317,2022-03-16T11:40:24+00:00,2022-03-16,6686,2022-03-16T20:42:47+00:00,2025-03-18T22:00:00+00:00,4433.607,1750.182,1239.958,3193.649,510.224,1475,339
ivano_frankivsk,Івано-Франківськ,Івано-Франківська область,raion_proxy,Івано-Франківський район,,2025-11-06,True,,97,2025-11-06T14:44:05+00:00,2025-11-06,2026-08-07T14:46:23+00:00,24.09,Івано-Франківський район,97,2025-11-06T14:44:05+00:00,2025-11-06,м. Івано-Франківськ та Івано-Франківська територіальна громада,0,,,742,2022-03-15T16:17:28+00:00,2025-11-06T14:44:05+00:00,88.484,0.0,0.0,88.484,0.0,97,0
kropyvnytskyi,Кропивницький,Кіровоградська область,raion_proxy,Кропивницький район,,2022-03-16,True,,1101,2022-03-16T09:54:13+00:00,2022-03-16,2026-09-06T18:03:15+00:00,1248.99,Кропивницький район,1101,2022-03-16T09:54:13+00:00,2022-03-16,м. Кропивницький та Кропивницька територіальна громада,0,,,3344,2022-03-15T16:15:11+00:00,2022-03-16T09:54:13+00:00,1222.564,3865.615,18.339,1204.225,3847.276,1095,3335
luhansk,Луганськ,Луганська область,oblast,Луганська область,,2022-03-24,True,National raion-level rollout did not apply to Luhansk oblast; oblast is the default fallback.,1,2022-03-24T11:28:27+00:00,2022-03-24,2022-03-24T11:28:27+00:00,,Луганський район,0,,,м. Луганськ та Луганська територіальна громада,0,,,1,2022-03-24T11:28:27+00:00,2022-03-24T11:28:27+00:00,87.892,87.892,87.892,0.0,0.0,0,0
lviv,Львів,Львівська область,raion_proxy,Львівський район,,2025-09-03,True,,98,2025-09-03T01:42:40+00:00,2025-09-03,2026-08-07T14:45:56+00:00,57.42,Львівський район,98,2025-09-03T01:42:40+00:00,2025-09-03,м. Львів та Львівська територіальна громада,0,,,745,2022-03-15T16:17:29+00:00,2025-09-03T01:42:40+00:00,89.623,23.93,0.0,89.623,23.93,98,20
mykolaiv,Миколаїв,Миколаївська область,raion_proxy,Миколаївський район,,2022-03-18,True,,1554,2022-03-18T15:53:49+00:00,2022-03-18,2026-09-07T03:51:21+00:00,1280.31,Миколаївський район,1554,2022-03-18T15:53:49+00:00,2022-03-18,м. Миколаїв та Миколаївська територіальна громада,69,2022-03-16T00:17:27+00:00,2022-03-16,3681,2022-03-17T10:50:49+00:00,2022-03-18T15:53:49+00:00,1376.228,4200.324,2.671,1373.557,4197.653,1552,3678
odesa,Одеса,Одеська область,raion_proxy,Одеський район,2025-11-04,2025-11-04,False,Official city-channel evidence confirms separate Odesa-raion alerts from 2025-11-04.,1380,2022-03-16T03:41:19+00:00,2022-03-16,2026-09-06T17:08:50+00:00,1321.1,Одеський район,1380,2022-03-16T03:41:19+00:00,2022-03-16,м. Одеса та Одеська територіальна громада,0,,,2411,2022-03-16T00:55:03+00:00,2025-11-03T22:00:00+00:00,1094.039,2.404,0.0,1094.039,2.404,1370,3
poltava,Полтава,Полтавська область,raion_proxy,Полтавський район,,2025-08-01,True,,1718,2025-08-01T20:25:54+00:00,2025-08-01,2026-09-07T04:38:21+00:00,4.39,Полтавський район,1718,2025-08-01T20:25:54+00:00,2025-08-01,м. Полтава та Полтавська територіальна громада,19,2022-03-16T00:59:08+00:00,2022-03-16,3993,2022-03-17T10:46:39+00:00,2025-08-01T20:25:54+00:00,2634.739,18.609,2.311,2632.428,16.297,1714,13
rivne,Рівне,Рівненська область,raion_proxy,Рівненський район,2025-08-01,2025-08-01,False,Rivne OVA officially switched to separate raion alerts on 2025-08-01.,186,2025-08-20T21:49:53+00:00,2025-08-21,2026-09-05T12:25:57+00:00,17.18,Рівненський район,186,2025-08-20T21:49:53+00:00,2025-08-21,м. Рівне та Рівненська територіальна громада,2,2022-03-20T12:05:20+00:00,2022-03-20,892,2022-03-15T16:18:35+00:00,2025-07-31T21:00:00+00:00,223.577,26.191,0.247,223.33,25.944,185,22
sumy,Суми,Сумська область,raion_proxy,Сумський район,,2022-03-16,True,,2198,2022-03-16T19:15:23+00:00,2022-03-16,2026-09-07T04:22:23+00:00,715.51,Сумський район,2198,2022-03-16T19:15:23+00:00,2022-03-16,м. Суми та Сумська територіальна громада,10,2022-03-15T18:17:40+00:00,2022-03-15,4078,2022-03-17T08:23:26+00:00,2022-03-16T19:15:23+00:00,6365.302,7979.833,8.692,6356.61,7971.141,2187,4067
ternopil,Тернопіль,Тернопільська область,raion_proxy,Тернопільський район,,2025-11-06,True,,114,2025-11-06T09:07:13+00:00,2025-11-06,2026-09-03T03:17:46+00:00,21.85,Тернопільський район,114,2025-11-06T09:07:13+00:00,2025-11-06,м. Тернопіль та Тернопільська територіальна громада,0,,,842,2022-03-15T16:22:29+00:00,2025-11-06T09:07:13+00:00,114.004,0.0,0.0,114.004,0.0,114,0
kharkiv,Харків,Харківська область,exact_city,м. Харків та Харківська територіальна громада,2025-02-17,2025-02-17,False,Validated exact-city stream already used by the dashboard.,3580,2022-05-03T10:22:04+00:00,2022-05-03,2026-09-07T03:50:37+00:00,729.63,Харківський район,2821,2022-03-16T07:39:48+00:00,2022-03-16,м. Харків та Харківська територіальна громада,3580,2022-05-03T10:22:04+00:00,2022-05-03,6504,2022-03-15T23:47:05+00:00,2025-02-16T22:00:00+00:00,5656.085,2057.763,1304.512,4351.573,753.251,2631,261
kherson,Херсон,Херсонська область,raion_proxy,Херсонський район,,2025-08-30,True,,1229,2025-08-30T06:00:12+00:00,2025-08-30,2026-09-06T13:54:39+00:00,20.61,Херсонський район,1229,2025-08-30T06:00:12+00:00,2025-08-30,м. Херсон та Херсонська територіальна громада,1,2022-04-14T21:25:12+00:00,2022-04-15,3575,2022-03-27T19:21:36+00:00,2025-08-30T06:00:12+00:00,1462.865,169.803,1.148,1461.717,168.654,1227,123
khmelnytskyi,Хмельницький,Хмельницька область,raion_proxy,Хмельницький район,,2025-07-26,True,,204,2025-07-26T09:16:10+00:00,2025-07-26,2026-09-05T12:07:09+00:00,21.81,Хмельницький район,204,2025-07-26T09:16:10+00:00,2025-07-26,м. Хмельницький та Хмельницька територіальна громада,0,,,1030,2022-03-15T23:57:21+00:00,2025-07-26T09:16:10+00:00,245.036,3.992,0.0,245.036,3.992,204,10
cherkasy,Черкаси,Черкаська область,raion_proxy,Черкаський район,,2022-03-18,True,,1059,2022-03-18T06:11:24+00:00,2022-03-18,2026-09-06T19:10:20+00:00,1028.77,Черкаський район,1059,2022-03-18T06:11:24+00:00,2022-03-18,м. Черкаси та Черкаська територіальна громада,10,2022-03-16T11:35:15+00:00,2022-03-16,2459,2022-03-16T00:50:06+00:00,2022-03-18T06:11:24+00:00,1792.509,2816.539,9.482,1783.026,2807.056,1029,2426
chernivtsi,Чернівці,Чернівецька область,raion_proxy,Чернівецький район,,2022-06-07,True,,107,2022-06-07T17:48:35+00:00,2022-06-07,2026-09-05T12:53:38+00:00,1247.64,Чернівецький район,107,2022-06-07T17:48:35+00:00,2022-06-07,м. Чернівці та Чернівецька територіальна громада,0,,,747,2022-03-17T02:19:43+00:00,2022-06-07T17:48:35+00:00,104.984,787.092,0.002,104.982,787.09,106,671
chernihiv,Чернігів,Чернігівська область,raion_proxy,Чернігівський район,,2022-03-22,True,,1636,2022-03-22T10:20:39+00:00,2022-03-22,2026-09-06T17:23:36+00:00,1221.96,Чернігівський район,1636,2022-03-22T10:20:39+00:00,2022-03-22,м. Чернігів та Чернігівська територіальна громада,0,,,2513,2022-03-15T16:30:17+00:00,2022-03-22T10:20:39+00:00,3536.177,4260.393,3.854,3532.324,4256.539,1633,2498
