city,display_name,oblast,states_city_hromada,states_city_hromada_id,states_raion,expected_raion,states_match_score,status,city_events_2025,city_events_2026,city_events_last_90d,raion_events_2026,raion_events_last_90d,city_first_event_2025_2026,city_last_event,city_alert_hours_2026,raion_alert_hours_2026,overlap_hours_2026,city_covered_by_raion_pct_2026,raion_matching_city_pct_2026,jaccard_pct_2026,raion_duration_bias_vs_city_pct_2026
vinnytsia,Вінниця,Вінницька область,м. Вінниця та Вінницька територіальна громада,155,Вінницький район,Вінницький район,100,no_2025_2026_exact_city_events,0,0,0,260,101,,,0.0,247.768,0.0,,0.0,0.0,
lutsk,Луцьк,Волинська область,м. Луцьк та Луцька територіальна громада,225,Луцький район,Луцький район,100,no_2025_2026_exact_city_events,0,0,0,109,23,,,0.0,83.971,0.0,,0.0,0.0,
dnipro,Дніпро,Дніпропетровська область,м. Дніпро та Дніпровська територіальна громада,332,Дніпровський район,Дніпровський район,100,no_2025_2026_exact_city_events,0,0,0,1520,588,,2022-05-02T05:25:03+00:00,0.0,1427.59,0.0,,0.0,0.0,
donetsk,Донецьк,Донецька область,Новодонецька територіальна громада,378,Краматорський район,Донецький район,50,no_2025_2026_exact_city_events,0,0,0,687,203,,,0.0,5425.298,0.0,,0.0,0.0,
zhytomyr,Житомир,Житомирська область,м. Житомир та Житомирська територіальна громада,442,Житомирський район,Житомирський район,100,no_2025_2026_exact_city_events,0,0,0,341,115,,2022-03-28T09:02:26+00:00,0.0,341.831,0.0,,0.0,0.0,
uzhhorod,Ужгород,Закарпатська область,м. Ужгород та Ужгородська територіальна громада,500,Ужгородський район,Ужгородський район,100,no_2025_2026_exact_city_events,0,0,0,76,12,,,0.0,50.644,0.0,,0.0,0.0,
zaporizhzhia,Запоріжжя,Запорізька область,м. Запоріжжя та Запорізька територіальна громада,564,Запорізький район,Запорізький район,100,current_exact_city_candidate,2110,1358,473,1287,383,2025-03-19T14:25:36+00:00,2026-09-06T23:44:35+00:00,2865.036,4892.27,2860.787,99.85,58.48,58.42,70.76
ivano_frankivsk,Івано-Франківськ,Івано-Франківська область,м. Івано-Франківськ та Івано-Франківська територіальна громада,632,Івано-Франківський район,Івано-Франківський район,100,no_2025_2026_exact_city_events,0,0,0,83,14,,,0.0,64.924,0.0,,0.0,0.0,
kropyvnytskyi,Кропивницький,Кіровоградська область,м. Кропивницький та Кропивницька територіальна громада,761,Кропивницький район,Кропивницький район,100,no_2025_2026_exact_city_events,0,0,0,918,389,,,0.0,879.006,0.0,,0.0,0.0,
luhansk,Луганськ,Луганська область,Станично-Луганська територіальна громада,823,Щастинський район,Луганський район,50,no_2025_2026_exact_city_events,0,0,0,0,0,,,0.0,0.0,0.0,,,,
lviv,Львів,Львівська область,м. Львів та Львівська територіальна громада,845,Львівський район,Львівський район,100,no_2025_2026_exact_city_events,0,0,0,85,13,,,0.0,62.016,0.0,,0.0,0.0,
mykolaiv,Миколаїв,Миколаївська область,м. Миколаїв та Миколаївська територіальна громада,926,Миколаївський район,Миколаївський район,100,no_2025_2026_exact_city_events,0,0,0,1482,644,,2022-10-19T19:38:10+00:00,0.0,1104.621,0.0,,0.0,0.0,
odesa,Одеса,Одеська область,м. Одеса та Одеська територіальна громада,964,Одеський район,Одеський район,100,no_2025_2026_exact_city_events,0,0,0,1213,552,,,0.0,756.666,0.0,,0.0,0.0,
poltava,Полтава,Полтавська область,м. Полтава та Полтавська територіальна громада,1060,Полтавський район,Полтавський район,100,no_2025_2026_exact_city_events,0,0,0,1292,509,,2022-04-27T00:54:38+00:00,0.0,1738.244,0.0,,0.0,0.0,
rivne,Рівне,Рівненська область,м. Рівне та Рівненська територіальна громада,1133,Рівненський район,Рівненський район,100,no_2025_2026_exact_city_events,0,0,0,158,39,,2022-03-21T04:52:09+00:00,0.0,149.792,0.0,,0.0,0.0,
sumy,Суми,Сумська область,м. Суми та Сумська територіальна громада,1187,Сумський район,Сумський район,100,no_2025_2026_exact_city_events,0,0,0,1545,488,,2023-10-02T19:17:04+00:00,0.0,4305.745,0.0,,0.0,0.0,
ternopil,Тернопіль,Тернопільська область,м. Тернопіль та Тернопільська територіальна громада,1241,Тернопільський район,Тернопільський район,100,no_2025_2026_exact_city_events,0,0,0,104,22,,,0.0,89.355,0.0,,0.0,0.0,
kharkiv,Харків,Харківська область,м. Харків та Харківська територіальна громада,1293,Харківський район,Харківський район,100,current_exact_city_candidate,3224,2017,717,2104,763,2025-02-06T12:10:56+00:00,2026-09-07T03:50:37+00:00,3294.136,3898.516,3270.97,99.3,83.9,83.41,18.35
kherson,Херсон,Херсонська область,м. Херсон та Херсонська територіальна громада,1370,Херсонський район,Херсонський район,100,no_2025_2026_exact_city_events,0,0,0,1145,449,,2022-04-14T21:25:12+00:00,0.0,1134.018,0.0,,0.0,0.0,
khmelnytskyi,Хмельницький,Хмельницька область,м. Хмельницький та Хмельницька територіальна громада,1400,Хмельницький район,Хмельницький район,100,no_2025_2026_exact_city_events,0,0,0,149,35,,,0.0,146.584,0.0,,0.0,0.0,
cherkasy,Черкаси,Черкаська область,м. Черкаси та Черкаська територіальна громада,1473,Черкаський район,Черкаський район,100,no_2025_2026_exact_city_events,0,0,0,734,265,,2022-03-31T21:38:00+00:00,0.0,668.576,0.0,,0.0,0.0,
chernivtsi,Чернівці,Чернівецька область,м. Чернівці та Чернівецька територіальна громада,1542,Чернівецький район,Чернівецький район,100,no_2025_2026_exact_city_events,0,0,0,87,18,,,0.0,76.339,0.0,,0.0,0.0,
chernihiv,Чернігів,Чернігівська область,м. Чернігів та Чернігівська територіальна громада,1591,Чернігівський район,Чернігівський район,100,no_2025_2026_exact_city_events,0,0,0,1304,476,,,0.0,2249.467,0.0,,0.0,0.0,
