time,date,alerts_started,total_alert_duration_minutes,total_alert_duration_hours,avg_alert_duration_minutes
2026-09-08T00:00:00+03:00,2026-09-08,4,1141.8,19.03,243.167
2026-09-09T00:00:00+03:00,2026-09-09,7,762.567,12.709,86.145
2026-09-10T00:00:00+03:00,2026-09-10,6,299.95,4.999,47.986
2026-09-11T00:00:00+03:00,2026-09-11,5,325.867,5.431,65.173
2026-09-12T00:00:00+03:00,2026-09-12,6,187.117,3.119,31.186
2026-09-13T00:00:00+03:00,2026-09-13,4,32.467,0.541,8.117
2026-09-14T00:00:00+03:00,2026-09-14,1,27.533,0.459,27.533
2026-09-15T00:00:00+03:00,2026-09-15,5,210.2,3.503,42.04
2026-09-16T00:00:00+03:00,2026-09-16,6,138.65,2.311,23.108
2026-09-17T00:00:00+03:00,2026-09-17,10,400.417,6.674,40.042
2026-09-18T00:00:00+03:00,2026-09-18,4,98.183,1.636,24.546
2026-09-19T00:00:00+03:00,2026-09-19,5,132.283,2.205,26.457
2026-09-20T00:00:00+03:00,2026-09-20,11,787.05,13.117,73.865
2026-09-21T00:00:00+03:00,2026-09-21,6,279.633,4.661,42.361
2026-09-22T00:00:00+03:00,2026-09-22,9,631.417,10.524,70.967
2026-09-23T00:00:00+03:00,2026-09-23,10,573.983,9.566,56.67
2026-09-24T00:00:00+03:00,2026-09-24,5,665.417,11.09,133.083
2026-09-25T00:00:00+03:00,2026-09-25,10,536.117,8.935,56.835
2026-09-26T00:00:00+03:00,2026-09-26,9,718.2,11.97,78.12
2026-09-27T00:00:00+03:00,2026-09-27,4,1084.8,18.08,281.121
2026-09-28T00:00:00+03:00,2026-09-28,8,851.917,14.199,102.196
2026-09-29T00:00:00+03:00,2026-09-29,10,573.333,9.556,129.313
2026-09-30T00:00:00+03:00,2026-09-30,5,1247.083,20.785,100.967
2026-10-01T00:00:00+03:00,2026-10-01,12,468.933,7.816,39.078
2026-10-02T00:00:00+03:00,2026-10-02,8,395.483,6.591,49.435
2026-10-03T00:00:00+03:00,2026-10-03,9,231.117,3.852,25.68
2026-10-04T00:00:00+03:00,2026-10-04,13,187.683,3.128,17.365
2026-10-05T00:00:00+03:00,2026-10-05,1,44.067,0.734,6.0
